<annotation>
	<folder>CVC-FP_Cropped_Original</folder>
	<filename>37.png</filename>
	<path>/Users/wangrongyu/Downloads/542/Project/CVC-FP_Cropped_Original/37.png</path>
	<source>
		<database>Unknown</database>
	</source>
	<size>
		<width>1256</width>
		<height>1530</height>
		<depth>1</depth>
	</size>
	<segmented>0</segmented>
	<object>
		<name>window</name>
		<pose>Unspecified</pose>
		<truncated>0</truncated>
		<difficult>0</difficult>
		<bndbox>
			<xmin>124</xmin>
			<ymin>210</ymin>
			<xmax>206</xmax>
			<ymax>362</ymax>
		</bndbox>
	</object>
	<object>
		<name>window</name>
		<pose>Unspecified</pose>
		<truncated>0</truncated>
		<difficult>0</difficult>
		<bndbox>
			<xmin>247</xmin>
			<ymin>562</ymin>
			<xmax>299</xmax>
			<ymax>844</ymax>
		</bndbox>
	</object>
	<object>
		<name>window</name>
		<pose>Unspecified</pose>
		<truncated>0</truncated>
		<difficult>0</difficult>
		<bndbox>
			<xmin>397</xmin>
			<ymin>858</ymin>
			<xmax>687</xmax>
			<ymax>903</ymax>
		</bndbox>
	</object>
	<object>
		<name>window</name>
		<pose>Unspecified</pose>
		<truncated>0</truncated>
		<difficult>0</difficult>
		<bndbox>
			<xmin>922</xmin>
			<ymin>1014</ymin>
			<xmax>1104</xmax>
			<ymax>1062</ymax>
		</bndbox>
	</object>
	<object>
		<name>window</name>
		<pose>Unspecified</pose>
		<truncated>1</truncated>
		<difficult>0</difficult>
		<bndbox>
			<xmin>1172</xmin>
			<ymin>760</ymin>
			<xmax>1256</xmax>
			<ymax>902</ymax>
		</bndbox>
	</object>
	<object>
		<name>window</name>
		<pose>Unspecified</pose>
		<truncated>1</truncated>
		<difficult>0</difficult>
		<bndbox>
			<xmin>1169</xmin>
			<ymin>315</ymin>
			<xmax>1256</xmax>
			<ymax>463</ymax>
		</bndbox>
	</object>
	<object>
		<name>window</name>
		<pose>Unspecified</pose>
		<truncated>0</truncated>
		<difficult>0</difficult>
		<bndbox>
			<xmin>985</xmin>
			<ymin>15</ymin>
			<xmax>1072</xmax>
			<ymax>94</ymax>
		</bndbox>
	</object>
	<object>
		<name>door</name>
		<pose>Unspecified</pose>
		<truncated>0</truncated>
		<difficult>0</difficult>
		<bndbox>
			<xmin>774</xmin>
			<ymin>912</ymin>
			<xmax>915</xmax>
			<ymax>1010</ymax>
		</bndbox>
	</object>
	<object>
		<name>door</name>
		<pose>Unspecified</pose>
		<truncated>0</truncated>
		<difficult>0</difficult>
		<bndbox>
			<xmin>871</xmin>
			<ymin>281</ymin>
			<xmax>963</xmax>
			<ymax>367</ymax>
		</bndbox>
	</object>
	<object>
		<name>door</name>
		<pose>Unspecified</pose>
		<truncated>0</truncated>
		<difficult>0</difficult>
		<bndbox>
			<xmin>995</xmin>
			<ymin>156</ymin>
			<xmax>1092</xmax>
			<ymax>205</ymax>
		</bndbox>
	</object>
	<object>
		<name>sink</name>
		<pose>Unspecified</pose>
		<truncated>0</truncated>
		<difficult>0</difficult>
		<bndbox>
			<xmin>1135</xmin>
			<ymin>56</ymin>
			<xmax>1206</xmax>
			<ymax>155</ymax>
		</bndbox>
	</object>
</annotation>
