<annotation>
	<folder>CVC-FP_Cropped_Original</folder>
	<filename>47.png</filename>
	<path>/Users/wangrongyu/Downloads/542/Project/CVC-FP_Cropped_Original/47.png</path>
	<source>
		<database>Unknown</database>
	</source>
	<size>
		<width>958</width>
		<height>1603</height>
		<depth>1</depth>
	</size>
	<segmented>0</segmented>
	<object>
		<name>door</name>
		<pose>Unspecified</pose>
		<truncated>0</truncated>
		<difficult>0</difficult>
		<bndbox>
			<xmin>10</xmin>
			<ymin>360</ymin>
			<xmax>132</xmax>
			<ymax>602</ymax>
		</bndbox>
	</object>
	<object>
		<name>door</name>
		<pose>Unspecified</pose>
		<truncated>0</truncated>
		<difficult>0</difficult>
		<bndbox>
			<xmin>345</xmin>
			<ymin>849</ymin>
			<xmax>458</xmax>
			<ymax>958</ymax>
		</bndbox>
	</object>
	<object>
		<name>door</name>
		<pose>Unspecified</pose>
		<truncated>0</truncated>
		<difficult>0</difficult>
		<bndbox>
			<xmin>458</xmin>
			<ymin>732</ymin>
			<xmax>566</xmax>
			<ymax>849</ymax>
		</bndbox>
	</object>
	<object>
		<name>door</name>
		<pose>Unspecified</pose>
		<truncated>0</truncated>
		<difficult>0</difficult>
		<bndbox>
			<xmin>462</xmin>
			<ymin>945</ymin>
			<xmax>564</xmax>
			<ymax>1049</ymax>
		</bndbox>
	</object>
	<object>
		<name>door</name>
		<pose>Unspecified</pose>
		<truncated>0</truncated>
		<difficult>0</difficult>
		<bndbox>
			<xmin>590</xmin>
			<ymin>830</ymin>
			<xmax>688</xmax>
			<ymax>899</ymax>
		</bndbox>
	</object>
	<object>
		<name>door</name>
		<pose>Unspecified</pose>
		<truncated>0</truncated>
		<difficult>0</difficult>
		<bndbox>
			<xmin>679</xmin>
			<ymin>849</ymin>
			<xmax>797</xmax>
			<ymax>956</ymax>
		</bndbox>
	</object>
	<object>
		<name>door</name>
		<pose>Unspecified</pose>
		<truncated>0</truncated>
		<difficult>0</difficult>
		<bndbox>
			<xmin>551</xmin>
			<ymin>376</ymin>
			<xmax>677</xmax>
			<ymax>510</ymax>
		</bndbox>
	</object>
	<object>
		<name>door</name>
		<pose>Unspecified</pose>
		<truncated>0</truncated>
		<difficult>0</difficult>
		<bndbox>
			<xmin>580</xmin>
			<ymin>226</ymin>
			<xmax>686</xmax>
			<ymax>347</ymax>
		</bndbox>
	</object>
	<object>
		<name>door</name>
		<pose>Unspecified</pose>
		<truncated>0</truncated>
		<difficult>0</difficult>
		<bndbox>
			<xmin>410</xmin>
			<ymin>193</ymin>
			<xmax>538</xmax>
			<ymax>380</ymax>
		</bndbox>
	</object>
	<object>
		<name>window</name>
		<pose>Unspecified</pose>
		<truncated>1</truncated>
		<difficult>0</difficult>
		<bndbox>
			<xmin>905</xmin>
			<ymin>373</ymin>
			<xmax>958</xmax>
			<ymax>550</ymax>
		</bndbox>
	</object>
	<object>
		<name>window</name>
		<pose>Unspecified</pose>
		<truncated>1</truncated>
		<difficult>0</difficult>
		<bndbox>
			<xmin>912</xmin>
			<ymin>736</ymin>
			<xmax>958</xmax>
			<ymax>835</ymax>
		</bndbox>
	</object>
	<object>
		<name>window</name>
		<pose>Unspecified</pose>
		<truncated>1</truncated>
		<difficult>0</difficult>
		<bndbox>
			<xmin>906</xmin>
			<ymin>1058</ymin>
			<xmax>958</xmax>
			<ymax>1214</ymax>
		</bndbox>
	</object>
	<object>
		<name>window</name>
		<pose>Unspecified</pose>
		<truncated>0</truncated>
		<difficult>0</difficult>
		<bndbox>
			<xmin>3</xmin>
			<ymin>924</ymin>
			<xmax>68</xmax>
			<ymax>1093</ymax>
		</bndbox>
	</object>
	<object>
		<name>door</name>
		<pose>Unspecified</pose>
		<truncated>0</truncated>
		<difficult>0</difficult>
		<bndbox>
			<xmin>423</xmin>
			<ymin>1291</ymin>
			<xmax>571</xmax>
			<ymax>1424</ymax>
		</bndbox>
	</object>
	<object>
		<name>toilet</name>
		<pose>Unspecified</pose>
		<truncated>0</truncated>
		<difficult>0</difficult>
		<bndbox>
			<xmin>627</xmin>
			<ymin>760</ymin>
			<xmax>718</xmax>
			<ymax>832</ymax>
		</bndbox>
	</object>
	<object>
		<name>sink</name>
		<pose>Unspecified</pose>
		<truncated>0</truncated>
		<difficult>0</difficult>
		<bndbox>
			<xmin>740</xmin>
			<ymin>739</ymin>
			<xmax>814</xmax>
			<ymax>804</ymax>
		</bndbox>
	</object>
	<object>
		<name>bathtub</name>
		<pose>Unspecified</pose>
		<truncated>0</truncated>
		<difficult>0</difficult>
		<bndbox>
			<xmin>830</xmin>
			<ymin>736</ymin>
			<xmax>912</xmax>
			<ymax>954</ymax>
		</bndbox>
	</object>
</annotation>
